"Allentown.PA","AtlanticCity.NJ","Augusta.GA","Bellevue.NE","Bristol.CT","CathedralCity.CA","Cincinnati.OH","Corvallis.OR","Dayton.OH","Deltona.FL","Eagan.MN","FallRiver.MA","Fayetteville.NC","Greenville.NC","Hamden.CT","Merced.CA","Milford.CT","NewBritain.CT","Reno.NV","Seaside.CA","Toledo.OH","WestHaven.CT","WinstonSalem.NC","Worcester.MA"
3.04452243772342,4.14313472639153,3.82596367652303,1.4679420881962,2.89037175789616,1.78974089146136,1.28920813006985,3.17161865540998,2.28497290493325,2.77258872223978,3.32183897972116,3.09474356153316,2.6473527181115,4.24879056124233,3.91202300542815,1.64115198730745,3.74842785194599,1.94591014905531,3.4183976959489,2.4958994207658,3.16868247269078,0,4.04037435476435,3.64576386778009
3.04452243772342,4.14313472639153,3.87120101090789,1.38629436111989,2.89037175789616,3.55140535249935,1.28920813006985,3.04452243772342,2.28497290493325,2.77258872223978,3.25809653802148,3.09474356153316,2.93992160686852,4.24879056124233,3.91202300542815,1.64115198730745,3.74842785194599,1.94591014905531,3.91061347250319,2.83076964321342,3.16868247269078,0,4.04037435476435,1.69777060736211
3.04452243772342,4.14313472639153,3.87120101090789,1.38629436111989,2.89037175789616,3.55140535249935,1.28920813006985,3.04452243772342,2.28497290493325,2.77258872223978,3.25809653802148,3.09474356153316,3.23249049562555,4.24879056124233,3.91202300542815,1.64115198730745,3.74842785194599,1.94591014905531,3.91061347250319,1.54437009613851,3.16868247269078,0,4.04037435476435,-0.250222653055859
3.04452243772342,4.14313472639153,3.87120101090789,1.38629436111989,2.89037175789616,3.55140535249935,1.28920813006985,3.04452243772342,2.28497290493325,2.77258872223978,3.25809653802148,3.09474356153316,3.52505938438257,4.24879056124233,3.91202300542815,1.64115198730745,3.74842785194599,1.94591014905531,3.91061347250319,0.257970549063606,3.16868247269078,0,4.04037435476435,3.60049868538983
3.04452243772342,4.14313472639153,3.87120101090789,1.38629436111989,2.89037175789616,3.55140535249935,1.28920813006985,3.04452243772342,2.28497290493325,2.77258872223978,3.25809653802148,3.09474356153316,3.52505938438257,4.24879056124233,3.91202300542815,1.64115198730745,3.74842785194599,1.94591014905531,3.91061347250319,-1.0284289980113,3.16868247269078,0,4.04037435476435,3.60049868538983
