"Allentown.PA","AtlanticCity.NJ","Augusta.GA","Bellevue.NE","Bristol.CT","CathedralCity.CA","Cincinnati.OH","Corvallis.OR","Dayton.OH","Deltona.FL","Eagan.MN","FallRiver.MA","Fayetteville.NC","Greenville.NC","Hamden.CT","Merced.CA","Milford.CT","NewBritain.CT","Reno.NV","Seaside.CA","Toledo.OH","WestHaven.CT","WinstonSalem.NC","Worcester.MA"
21,63,46.3583617692308,4.64085309799595,18,17.9453755765102,3.629911,27.2927446569179,9.82542,16,27.8877469433987,22.0815752461322,14.1166184679535,70.0206753962784,50,5.1611116240421,42.4542850848204,7,39.18991525,12.8192871881801,23.776138,1,56.84762,38.312027
21,63,48,4,18,34.8622768648776,3.629911,21,9.82542,16,26,22.0815752461322,20.7296756453023,70.0206753962784,50,5.1611116240421,42.4542850848204,7,49.929573,16.9585078035782,23.776138,1,56.84762,19.5453272
21,63,48,4,18,34.8622768648776,3.629911,21,9.82542,16,26,22.0815752461322,27.3427328226512,70.0206753962784,50,5.1611116240421,42.4542850848204,7,49.929573,11.4248612890522,23.776138,1,56.84762,0.7786274
21,63,48,4,18,34.8622768648776,3.629911,21,9.82542,16,26,22.0815752461322,33.95579,70.0206753962784,50,5.1611116240421,42.4542850848204,7,49.929573,5.89121477452608,23.776138,1,56.84762,36.61649
21,63,48,4,18,34.8622768648776,3.629911,21,9.82542,16,26,22.0815752461322,33.95579,70.0206753962784,50,5.1611116240421,42.4542850848204,7,49.929573,0.35756826,23.776138,1,56.84762,36.61649
